{"cameraMode":{"drawMode":0,"name":"Shaded","section":"Shading Mode"},"sceneLighting":true,"audioPlay":false,"sceneViewState":{"showFog":true,"showMaterialUpdate":false,"showSkybox":true,"showFlares":true,"showImageEffects":true,"showParticleSystems":true,"showVisualEffectGraphs":true,"m_FxEnabled":true},"in2DMode":false,"pivot":{"x":0.8239126205444336,"y":9.299148559570313,"z":158.84446716308595},"rotation":{"x":-0.08717455714941025,"y":-0.024805082008242608,"z":0.0021786377765238287,"w":-0.9959189891815186},"size":124.62353515625,"orthographic":false}