{"cameraMode":{"drawMode":0,"name":"Shaded","section":"Shading Mode"},"sceneLighting":true,"audioPlay":false,"sceneViewState":{"showFog":true,"showMaterialUpdate":false,"showSkybox":true,"showFlares":true,"showImageEffects":true,"showParticleSystems":true,"showVisualEffectGraphs":true,"m_FxEnabled":true},"in2DMode":false,"pivot":{"x":-8.200699806213379,"y":-3.4254984855651857,"z":41.77813720703125},"rotation":{"x":-0.11549336463212967,"y":-0.03218061849474907,"z":0.0037453309632837774,"w":-0.992810845375061},"size":13.971735954284668,"orthographic":false}