{"cameraMode":{"drawMode":0,"name":"Shaded","section":"Shading Mode"},"sceneLighting":true,"audioPlay":false,"sceneViewState":{"showFog":true,"showMaterialUpdate":false,"showSkybox":true,"showFlares":true,"showImageEffects":true,"showParticleSystems":true,"showVisualEffectGraphs":true,"m_FxEnabled":true},"in2DMode":false,"pivot":{"x":4.006823539733887,"y":16.772953033447267,"z":57.52921676635742},"rotation":{"x":0.004190667998045683,"y":-0.011402624659240246,"z":-0.00004400196485221386,"w":-0.9999547600746155},"size":49.7011833190918,"orthographic":false}